{"bias": 214949.53344619783, "weights": [399957.34190432, 89894.67564604265, 217735.37467474246, -2085.798497014661, -186180.64169966494, -70884.40385135375, -40378.71010110141, 114810.33520602337, -75968.66497812721, -138863.4705647413], "test_r2": 0.28579968194688576, "test_rmse": 1118460.09142118}